id,first_name,last_name,email,gender,ip_address
1,Packston,Batchelour,pbatchelour0@stanford.edu,Genderfluid,12.12.219.51
2,Lorna,Absolem,labsolem1@sourceforge.net,Agender,214.103.243.172
3,Darb,Wanka,dwanka2@ustream.tv,Polygender,30.239.110.129
4,Nan,Berthomier,nberthomier3@engadget.com,Female,178.103.255.120
5,Leland,Heinig,lheinig4@surveymonkey.com,Polygender,2.223.182.146
6,Vernon,Kenwright,vkenwright5@imgur.com,Agender,208.184.55.125
7,Ediva,Epdell,eepdell6@ihg.com,Agender,53.6.171.150
8,George,Raimbauld,graimbauld7@about.com,Bigender,45.218.214.253
9,Ryan,Bellson,rbellson8@google.com.br,Bigender,53.215.126.38
10,Wallis,Gibbonson,wgibbonson9@wordpress.com,Agender,210.99.58.157
11,Oswald,O'Mara,oomaraa@woothemes.com,Genderfluid,168.72.36.149
12,Tirrell,Lodford,tlodfordb@businessweek.com,Bigender,72.39.197.240
13,Anderson,Dregan,adreganc@army.mil,Polygender,243.252.212.242
14,Joyce,Ellingsworth,jellingsworthd@google.ru,Genderqueer,162.126.114.197
15,Selma,Eberst,seberste@microsoft.com,Non-binary,99.14.19.204
16,Lorens,Colls,lcollsf@cbc.ca,Agender,11.208.245.18
17,Hansiain,Deverose,hdeveroseg@nydailynews.com,Non-binary,254.20.103.124
18,Northrop,Krauss,nkraussh@kickstarter.com,Genderqueer,44.98.242.22
19,Ignaz,Hassan,ihassani@dyndns.org,Bigender,200.45.21.227
20,Janifer,Davidescu,jdavidescuj@netlog.com,Agender,174.138.192.28
21,Jock,Pyner,jpynerk@baidu.com,Polygender,128.129.98.49
22,Nisse,Purver,npurverl@scribd.com,Bigender,159.217.229.91
23,Jan,Pellamonuten,jpellamonutenm@google.it,Bigender,195.65.42.83
24,Teodorico,Ireland,tirelandn@house.gov,Genderfluid,253.218.73.12
25,Carmine,Maccrae,cmaccraeo@utexas.edu,Bigender,138.252.86.119
26,Delilah,Crack,dcrackp@google.it,Genderqueer,99.249.96.143
27,Netti,De Carteret,ndecarteretq@sohu.com,Genderqueer,165.120.131.240
28,Flinn,Critchlow,fcritchlowr@bigcartel.com,Agender,102.203.37.141
29,Xavier,Du Plantier,xduplantiers@independent.co.uk,Female,61.145.235.10
30,Penny,Greenleaf,pgreenleaft@liveinternet.ru,Genderfluid,45.168.97.10
31,Else,Megainey,emegaineyu@google.fr,Bigender,36.20.65.191
32,Audrey,Caudrelier,acaudrelierv@usda.gov,Male,252.147.89.93
33,Georgianna,McCurrie,gmccurriew@youtube.com,Polygender,23.130.84.96
34,Web,Rebanks,wrebanksx@purevolume.com,Agender,64.245.235.145
35,Ingra,Seldner,iseldnery@sohu.com,Female,132.135.35.242
36,Grace,Bagg,gbaggz@mtv.com,Non-binary,180.38.210.123
37,Ulla,Missenden,umissenden10@chronoengine.com,Bigender,254.88.112.145
38,Carroll,Fernanando,cfernanando11@dropbox.com,Bigender,203.120.227.75
39,Leola,Matveiko,lmatveiko12@jiathis.com,Genderqueer,170.127.12.190
40,Kippie,Cromb,kcromb13@wikimedia.org,Male,240.88.155.53
41,Uriel,Bengtsen,ubengtsen14@ed.gov,Bigender,166.136.242.106
42,Gregor,Benezet,gbenezet15@github.com,Non-binary,70.157.6.85
43,Samaria,Sparrowhawk,ssparrowhawk16@gmpg.org,Non-binary,23.45.250.21
44,Henrik,Angelini,hangelini17@lulu.com,Bigender,156.47.101.53
45,Marlowe,Spooner,mspooner18@irs.gov,Bigender,92.255.185.204
46,Jody,Shoebotham,jshoebotham19@whitehouse.gov,Non-binary,201.121.51.70
47,Brooks,Cavnor,bcavnor1a@zimbio.com,Female,251.50.138.119
48,Randall,Giraudeau,rgiraudeau1b@phpbb.com,Polygender,205.64.171.106
49,Lance,Wesley,lwesley1c@skype.com,Female,217.62.152.118
50,Salaidh,Becerra,sbecerra1d@independent.co.uk,Genderqueer,47.60.27.246
51,Keen,Waitland,kwaitland1e@springer.com,Polygender,78.61.234.15
52,Dun,Viste,dviste1f@booking.com,Genderqueer,132.39.83.215
53,Celinka,Fibbit,cfibbit1g@cam.ac.uk,Female,93.16.78.55
54,Daisey,Halgarth,dhalgarth1h@discovery.com,Genderfluid,2.66.135.141
55,Jacky,Lamball,jlamball1i@usnews.com,Male,84.97.51.135
56,Ivy,Johnys,ijohnys1j@live.com,Genderqueer,213.166.246.8
57,Salli,Hodgon,shodgon1k@techcrunch.com,Agender,121.1.210.240
58,Salli,Limon,slimon1l@de.vu,Genderfluid,13.75.177.228
59,Trixie,Buffham,tbuffham1m@webnode.com,Polygender,86.219.75.2
60,Daniel,Timmens,dtimmens1n@eepurl.com,Genderfluid,213.29.111.229
61,Traci,Heggie,theggie1o@tamu.edu,Non-binary,247.54.4.14
62,Kandace,Goodbarne,kgoodbarne1p@furl.net,Bigender,92.195.194.125
63,Peria,Edworthye,pedworthye1q@disqus.com,Male,101.154.198.130
64,Ab,Spinas,aspinas1r@gmpg.org,Genderqueer,99.191.151.248
65,Sybila,Lannen,slannen1s@google.co.uk,Bigender,117.57.115.177
66,Carma,Bullman,cbullman1t@jalbum.net,Genderfluid,46.21.56.51
67,Dominick,Buxey,dbuxey1u@google.co.jp,Female,133.184.101.29
68,Anissa,Gartshore,agartshore1v@prlog.org,Non-binary,200.4.35.193
69,Conni,Wenn,cwenn1w@msu.edu,Bigender,227.237.59.21
70,Carrie,Summerskill,csummerskill1x@engadget.com,Non-binary,144.100.69.43
71,Mirabella,Northcliffe,mnorthcliffe1y@discovery.com,Non-binary,23.225.229.88
72,Selina,Cadman,scadman1z@cnn.com,Genderqueer,80.173.105.245
73,Catha,Wasylkiewicz,cwasylkiewicz20@bravesites.com,Non-binary,200.215.42.33
74,Wernher,Giacomello,wgiacomello21@bizjournals.com,Genderqueer,9.212.117.41
75,Catherina,Yakubovich,cyakubovich22@sfgate.com,Female,131.84.236.149
76,Marline,Heber,mheber23@mail.ru,Non-binary,197.189.185.221
77,Gerardo,Emlyn,gemlyn24@desdev.cn,Non-binary,70.117.31.174
78,Kris,D'Ambrogi,kdambrogi25@redcross.org,Polygender,146.159.10.148
79,Candie,Gelletly,cgelletly26@princeton.edu,Genderqueer,134.68.231.122
80,Herrick,Kavanagh,hkavanagh27@timesonline.co.uk,Non-binary,249.157.180.164
81,Cornall,Gullane,cgullane28@posterous.com,Genderfluid,217.248.81.19
82,Arnold,Girault,agirault29@dot.gov,Bigender,28.173.9.116
83,Alvis,Kingdom,akingdom2a@ebay.co.uk,Male,151.134.230.162
84,Ross,Folliss,rfolliss2b@nhs.uk,Genderfluid,18.41.115.71
85,Burgess,Alekhov,balekhov2c@diigo.com,Non-binary,147.142.40.74
86,Cherice,Abramov,cabramov2d@bing.com,Polygender,81.248.190.217
87,Ade,Barnsdall,abarnsdall2e@ihg.com,Genderqueer,20.65.215.2
88,Geno,Bliven,gbliven2f@yellowbook.com,Male,36.252.221.56
89,Malinda,Riggert,mriggert2g@elegantthemes.com,Genderfluid,243.64.144.236
90,Mattias,Nealon,mnealon2h@amazon.com,Bigender,6.109.87.94
91,Jacquetta,Cubin,jcubin2i@amazonaws.com,Non-binary,253.5.116.74
92,Carmela,Greystock,cgreystock2j@seesaa.net,Genderqueer,71.12.125.114
93,Chev,Atty,catty2k@trellian.com,Genderfluid,29.23.167.83
94,Jeanette,Enders,jenders2l@simplemachines.org,Genderqueer,190.9.132.126
95,Westley,Rignoldes,wrignoldes2m@wordpress.com,Genderfluid,160.195.8.122
96,Tommie,Whissell,twhissell2n@altervista.org,Polygender,247.61.43.10
97,Michail,Axe,maxe2o@dailymotion.com,Genderqueer,202.38.81.87
98,Pooh,Betke,pbetke2p@cdc.gov,Male,24.170.154.238
99,Brandyn,Muff,bmuff2q@4shared.com,Female,46.248.237.216
100,Neale,Brimilcombe,nbrimilcombe2r@pcworld.com,Polygender,239.178.34.4
101,Flint,Gath,fgath2s@amazon.co.jp,Bigender,229.147.2.61
102,Peter,Takis,ptakis2t@vk.com,Polygender,199.71.221.65
103,Odele,Lamartine,olamartine2u@constantcontact.com,Bigender,136.8.184.117
104,Myrle,Broderick,mbroderick2v@omniture.com,Male,162.246.41.11
105,Sari,Hasley,shasley2w@amazon.co.jp,Genderfluid,68.244.18.199
106,Josefa,Alman,jalman2x@dell.com,Genderqueer,197.131.193.119
107,Bear,Arrington,barrington2y@parallels.com,Female,88.182.26.200
108,Tessi,Pieterick,tpieterick2z@symantec.com,Polygender,31.188.213.101
109,Alana,McKeurtan,amckeurtan30@amazonaws.com,Female,182.254.47.102
110,Rosemary,Andrioni,randrioni31@webeden.co.uk,Polygender,194.168.7.111
111,Bastien,Theis,btheis32@deliciousdays.com,Genderqueer,165.180.9.164
112,Winonah,Head,whead33@bbc.co.uk,Non-binary,113.255.108.49
113,Carmine,Hamshar,chamshar34@guardian.co.uk,Non-binary,166.191.62.190
114,Rubina,Budding,rbudding35@washington.edu,Male,85.58.228.193
115,Melba,Tame,mtame36@howstuffworks.com,Genderqueer,20.228.215.31
116,Suellen,Gilloran,sgilloran37@reuters.com,Female,70.142.70.82
117,Salmon,Pentycost,spentycost38@kickstarter.com,Polygender,67.204.123.76
118,Tisha,Flint,tflint39@dagondesign.com,Polygender,27.115.205.85
119,Jenny,Fairnington,jfairnington3a@fotki.com,Genderqueer,237.173.178.24
120,Austin,Avramovic,aavramovic3b@nydailynews.com,Male,50.45.222.209
121,Katrine,Steabler,ksteabler3c@intel.com,Genderfluid,204.54.120.12
122,Orelee,Pickthorn,opickthorn3d@360.cn,Agender,76.170.80.75
123,Richmound,Powderham,rpowderham3e@aol.com,Male,241.227.226.229
124,Sarena,Harland,sharland3f@opera.com,Non-binary,174.242.206.132
125,Jaynell,Lerohan,jlerohan3g@hhs.gov,Agender,114.74.36.30
126,Mel,Grain,mgrain3h@sphinn.com,Non-binary,52.141.152.147
127,Benedetta,Pocknoll,bpocknoll3i@youku.com,Female,238.182.58.242
128,Bettye,Durrett,bdurrett3j@dell.com,Male,29.150.250.124
129,Lorain,Malinson,lmalinson3k@nih.gov,Genderfluid,154.45.131.135
130,Silvio,Spittles,sspittles3l@altervista.org,Polygender,226.131.180.242
131,Dale,Youde,dyoude3m@craigslist.org,Bigender,16.46.246.245
132,Mariellen,La Grange,mlagrange3n@microsoft.com,Agender,129.89.214.114
133,Tristan,Ley,tley3o@list-manage.com,Agender,183.146.38.176
134,Shaylyn,Emmot,semmot3p@cbslocal.com,Agender,87.111.241.245
135,Clair,Clarkson,cclarkson3q@java.com,Agender,191.11.137.66
136,Aggy,Bewicke,abewicke3r@adobe.com,Non-binary,251.174.18.121
137,Ford,Blackden,fblackden3s@utexas.edu,Genderfluid,209.91.38.29
138,Zulema,Statefield,zstatefield3t@netlog.com,Non-binary,144.130.242.78
139,Brendis,Schonfeld,bschonfeld3u@fema.gov,Polygender,202.16.15.32
140,Rosemary,McPhillips,rmcphillips3v@unc.edu,Agender,220.87.27.234
141,Alberta,Muglestone,amuglestone3w@forbes.com,Agender,148.104.124.161
142,Timothea,Palfreman,tpalfreman3x@independent.co.uk,Agender,37.118.92.140
143,Miquela,Allum,mallum3y@examiner.com,Non-binary,36.221.248.154
144,Gerhardt,Vany,gvany3z@tiny.cc,Genderfluid,147.223.124.192
145,Elysee,Apple,eapple40@wikia.com,Polygender,139.213.171.51
146,Welch,Borland,wborland41@loc.gov,Genderqueer,74.180.187.54
147,Mignon,Gorvin,mgorvin42@skype.com,Polygender,95.202.71.96
148,Pattin,Kingcote,pkingcote43@hatena.ne.jp,Bigender,247.179.43.149
149,Ethe,Bouzan,ebouzan44@harvard.edu,Agender,33.170.243.52
150,Madella,Farlam,mfarlam45@archive.org,Male,65.76.163.199
151,Noel,Minihane,nminihane46@feedburner.com,Genderqueer,205.155.151.115
152,Arri,Dysart,adysart47@nps.gov,Genderqueer,239.94.247.26
153,Selinda,Spellacy,sspellacy48@google.cn,Non-binary,148.76.134.119
154,Anabal,Learman,alearman49@mtv.com,Genderqueer,44.184.17.129
155,Keriann,Siggery,ksiggery4a@telegraph.co.uk,Genderqueer,86.209.213.91
156,Donetta,Guys,dguys4b@ow.ly,Genderfluid,238.100.225.57
157,Jennie,Zmitrichenko,jzmitrichenko4c@t-online.de,Genderqueer,136.255.54.77
158,Brynn,MacGee,bmacgee4d@blogtalkradio.com,Genderqueer,38.8.144.220
159,Fleurette,Mishaw,fmishaw4e@rediff.com,Non-binary,135.130.229.102
160,Virge,Lindroos,vlindroos4f@usatoday.com,Female,219.166.123.82
161,Guinevere,Sola,gsola4g@msu.edu,Non-binary,193.50.196.137
162,Agnese,Sherville,asherville4h@shop-pro.jp,Female,123.220.106.7
163,Kirbie,Oakshott,koakshott4i@free.fr,Male,79.64.59.246
164,Artemus,Scholefield,ascholefield4j@dailymotion.com,Non-binary,124.178.106.75
165,Opalina,Bowry,obowry4k@guardian.co.uk,Female,253.60.3.77
166,Star,MacComiskey,smaccomiskey4l@domainmarket.com,Female,72.198.108.44
167,Elli,Darrach,edarrach4m@xinhuanet.com,Bigender,97.3.122.88
168,Amalia,Geertje,ageertje4n@sakura.ne.jp,Bigender,113.12.140.107
169,Sidonia,Mogford,smogford4o@live.com,Genderfluid,179.1.64.153
170,Alley,Layfield,alayfield4p@sakura.ne.jp,Agender,15.38.170.17
171,Elise,Gellier,egellier4q@senate.gov,Female,196.196.29.44
172,Anneliese,Gaskins,agaskins4r@elpais.com,Male,191.167.197.240
173,Terrence,Sugge,tsugge4s@bbb.org,Genderqueer,246.89.98.177
174,Nertie,Hurrell,nhurrell4t@github.io,Polygender,26.142.1.226
175,Enrique,Girkins,egirkins4u@devhub.com,Genderqueer,79.129.6.122
176,Law,Ginity,lginity4v@mashable.com,Male,179.136.37.86
177,Gherardo,Spoole,gspoole4w@baidu.com,Bigender,14.43.200.21
178,Hernando,Stairs,hstairs4x@columbia.edu,Bigender,2.251.82.131
179,Al,Artz,aartz4y@linkedin.com,Agender,105.32.161.19
180,Tracey,Mocker,tmocker4z@cafepress.com,Agender,104.27.53.60
181,Laurence,Wincer,lwincer50@a8.net,Polygender,174.40.129.85
182,Jacobo,Shergill,jshergill51@scientificamerican.com,Agender,68.199.200.31
183,Brander,Mapston,bmapston52@4shared.com,Genderqueer,188.53.221.153
184,Annecorinne,Overnell,aovernell53@twitter.com,Bigender,17.182.202.188
185,Monte,Bettington,mbettington54@chicagotribune.com,Male,243.122.98.27
186,Evy,Storrie,estorrie55@china.com.cn,Bigender,194.225.206.75
187,Iorgos,Dunkirk,idunkirk56@yale.edu,Bigender,74.180.195.12
188,Daloris,Inworth,dinworth57@slashdot.org,Genderqueer,47.208.174.91
189,Somerset,McKimm,smckimm58@tripadvisor.com,Male,38.60.189.195
190,Anselma,Tomasello,atomasello59@va.gov,Polygender,108.83.103.25
191,Konrad,Sterricks,ksterricks5a@state.gov,Male,144.175.123.167
192,Lotte,Daubney,ldaubney5b@drupal.org,Bigender,67.175.236.76
193,Justus,Tulloch,jtulloch5c@jigsy.com,Male,83.69.68.182
194,Leodora,Whistance,lwhistance5d@constantcontact.com,Male,204.29.134.216
195,Luca,Queste,lqueste5e@soup.io,Female,134.9.19.195
196,Francisco,Yanson,fyanson5f@cbsnews.com,Genderqueer,51.47.16.174
197,Wren,Crosfeld,wcrosfeld5g@bbb.org,Bigender,156.20.101.202
198,Tasia,Crichten,tcrichten5h@desdev.cn,Agender,149.172.179.144
199,Vasili,Jenicek,vjenicek5i@dion.ne.jp,Agender,77.112.123.108
200,Diane-marie,Grovier,dgrovier5j@seattletimes.com,Genderfluid,203.45.218.121
201,Flo,Bickerstaffe,fbickerstaffe5k@issuu.com,Agender,155.208.243.232
202,Kary,Rivalant,krivalant5l@earthlink.net,Agender,110.45.169.145
203,Xylia,Cable,xcable5m@oakley.com,Genderfluid,79.114.223.205
204,Morton,Byer,mbyer5n@forbes.com,Female,98.144.192.27
205,Noell,Tuppeny,ntuppeny5o@indiatimes.com,Non-binary,89.147.123.222
206,Wood,Kunzel,wkunzel5p@theatlantic.com,Polygender,151.158.173.143
207,Mirabella,Jacox,mjacox5q@webnode.com,Male,103.31.129.87
208,Rodolfo,Wyllcock,rwyllcock5r@businessweek.com,Male,4.164.106.173
209,Margy,Mattingson,mmattingson5s@huffingtonpost.com,Agender,108.62.51.52
210,Esme,Wigginton,ewigginton5t@booking.com,Genderqueer,79.149.243.52
211,Lyman,Yakhin,lyakhin5u@ow.ly,Genderqueer,122.152.122.40
212,Leonid,Jouanny,ljouanny5v@spotify.com,Agender,181.52.163.48
213,Reynolds,Shires,rshires5w@goodreads.com,Genderqueer,138.142.222.17
214,Estele,Yewdale,eyewdale5x@ezinearticles.com,Non-binary,56.22.251.208
215,Marketa,Cobbled,mcobbled5y@discovery.com,Agender,211.86.248.57
216,Teresa,Klimp,tklimp5z@discuz.net,Non-binary,106.235.220.166
217,Sophia,Thominga,sthominga60@altervista.org,Agender,15.254.169.233
218,Kelcy,Inge,kinge61@e-recht24.de,Female,122.170.223.226
219,Mahala,Piechnik,mpiechnik62@mapy.cz,Polygender,193.144.225.158
220,Jere,Panting,jpanting63@mlb.com,Male,141.198.139.46
221,Roanne,New,rnew64@samsung.com,Non-binary,0.103.87.89
222,Timmy,Antham,tantham65@facebook.com,Male,210.156.204.37
223,Dael,Gipps,dgipps66@hubpages.com,Non-binary,219.186.162.201
224,Forrest,Longfellow,flongfellow67@mail.ru,Agender,231.197.55.83
225,Seward,Acreman,sacreman68@spotify.com,Female,73.134.1.72
226,Alika,Conman,aconman69@mapy.cz,Bigender,159.33.253.238
227,Raychel,Abisetti,rabisetti6a@admin.ch,Agender,134.69.59.225
228,Joshia,Dumper,jdumper6b@telegraph.co.uk,Polygender,142.223.81.25
229,Cord,Stoddart,cstoddart6c@123-reg.co.uk,Bigender,217.158.87.230
230,Julio,Seabridge,jseabridge6d@craigslist.org,Genderfluid,57.192.241.83
231,Elena,Melato,emelato6e@webnode.com,Polygender,232.17.205.198
232,Barnaby,Woodings,bwoodings6f@webeden.co.uk,Genderqueer,104.138.165.227
233,Pen,Gosnall,pgosnall6g@bing.com,Non-binary,105.72.29.189
234,Luci,Reimer,lreimer6h@reuters.com,Agender,53.49.202.40
235,Fax,Petschel,fpetschel6i@unblog.fr,Polygender,49.137.30.3
236,Ramsay,Dodridge,rdodridge6j@cnet.com,Female,128.71.117.222
237,Emmott,Carlon,ecarlon6k@microsoft.com,Genderfluid,163.90.72.53
238,Edouard,Godlip,egodlip6l@intel.com,Agender,138.77.28.229
239,Kendall,Millington,kmillington6m@imgur.com,Male,205.157.35.160
240,Darelle,Groucock,dgroucock6n@nifty.com,Female,150.78.25.91
241,Kippar,Rome,krome6o@squarespace.com,Male,157.57.189.35
242,Jonah,McLarty,jmclarty6p@joomla.org,Genderfluid,70.65.18.175
243,Neron,Kubach,nkubach6q@ebay.com,Polygender,94.153.101.26
244,Gar,Strutton,gstrutton6r@icio.us,Polygender,235.217.67.100
245,Zack,Carnihan,zcarnihan6s@wired.com,Bigender,207.188.7.195
246,Willard,Northridge,wnorthridge6t@weebly.com,Genderqueer,251.100.66.47
247,Fey,Bricket,fbricket6u@yahoo.co.jp,Agender,15.82.181.238
248,Korie,Martynka,kmartynka6v@mtv.com,Non-binary,17.244.193.202
249,Langsdon,Vasechkin,lvasechkin6w@discuz.net,Agender,215.114.56.74
250,Gerrilee,Simeons,gsimeons6x@jalbum.net,Agender,242.199.155.20
251,Doralynn,Burkin,dburkin6y@ihg.com,Agender,79.229.143.87
252,Ellette,Matusevich,ematusevich6z@godaddy.com,Genderqueer,216.10.13.60
253,Stephen,Massenhove,smassenhove70@wufoo.com,Female,197.128.243.190
254,Livvy,Seabrook,lseabrook71@360.cn,Male,152.248.160.210
255,Frederic,Mulleary,fmulleary72@amazonaws.com,Genderfluid,191.32.15.140
256,Dael,Roman,droman73@goo.gl,Male,127.146.219.247
257,Patience,Blundan,pblundan74@studiopress.com,Male,240.133.149.234
258,Cello,Skahill,cskahill75@vkontakte.ru,Genderqueer,251.144.175.5
259,Karel,Dowell,kdowell76@wordpress.org,Genderfluid,181.86.31.162
260,Marlena,Raiman,mraiman77@bandcamp.com,Bigender,227.11.187.4
261,Katrine,Farncomb,kfarncomb78@china.com.cn,Female,194.189.198.3
262,Neddy,Georgot,ngeorgot79@w3.org,Non-binary,237.193.121.118
263,Dagmar,Illidge,dillidge7a@ow.ly,Bigender,23.141.252.114
264,Tracie,Sands,tsands7b@creativecommons.org,Polygender,254.44.55.246
265,Clarabelle,Lodo,clodo7c@com.com,Male,104.58.129.147
266,Alair,Schole,aschole7d@weebly.com,Genderqueer,220.136.178.201
267,Desiree,Emmerson,demmerson7e@zdnet.com,Bigender,177.7.69.5
268,James,Bibb,jbibb7f@cloudflare.com,Genderfluid,202.20.246.212
269,Kayne,Showler,kshowler7g@europa.eu,Genderqueer,65.100.50.143
270,Red,Issitt,rissitt7h@multiply.com,Polygender,223.148.7.87
271,Virgil,Baldock,vbaldock7i@seesaa.net,Agender,60.5.46.161
272,Zea,Walewski,zwalewski7j@reuters.com,Genderfluid,237.182.33.91
273,Fernando,Jedrasik,fjedrasik7k@miitbeian.gov.cn,Genderfluid,188.225.205.108
274,Kordula,Geake,kgeake7l@eventbrite.com,Agender,109.218.172.216
275,Virgie,Jales,vjales7m@va.gov,Polygender,253.77.59.183
276,Noak,Maes,nmaes7n@forbes.com,Female,155.191.212.206
277,Robyn,Moulsdall,rmoulsdall7o@smugmug.com,Non-binary,36.116.231.209
278,Deb,Lockney,dlockney7p@dell.com,Bigender,231.19.114.253
279,Tannie,Aslin,taslin7q@privacy.gov.au,Female,181.92.121.163
280,Melisse,Gyenes,mgyenes7r@wikimedia.org,Agender,93.105.26.91
281,Rennie,Carslaw,rcarslaw7s@independent.co.uk,Agender,6.135.44.31
282,Alan,Cardenosa,acardenosa7t@dailymotion.com,Non-binary,7.53.146.225
283,Allistir,Menilove,amenilove7u@jiathis.com,Agender,84.132.170.215
284,Cyrill,Bunford,cbunford7v@dailymail.co.uk,Non-binary,109.206.159.17
285,Bruis,Hairesnape,bhairesnape7w@miitbeian.gov.cn,Bigender,250.30.41.13
286,Ramona,Nehlsen,rnehlsen7x@uol.com.br,Bigender,205.141.204.148
287,Ariella,McWhannel,amcwhannel7y@miibeian.gov.cn,Non-binary,156.43.72.28
288,Rodger,Zanussii,rzanussii7z@oaic.gov.au,Bigender,58.204.52.154
289,Rachelle,Lampitt,rlampitt80@ycombinator.com,Agender,189.254.133.130
290,Jordana,Iannuzzi,jiannuzzi81@gnu.org,Polygender,75.208.112.233
291,Rubin,Cluett,rcluett82@desdev.cn,Female,15.182.2.141
292,Dorri,Denial,ddenial83@livejournal.com,Genderqueer,223.232.204.81
293,Elisabet,Pudge,epudge84@mayoclinic.com,Male,152.93.214.94
294,Gerry,Nelsey,gnelsey85@state.tx.us,Agender,80.18.152.108
295,Mikaela,Eloy,meloy86@zimbio.com,Male,147.63.18.136
296,Emili,Strute,estrute87@printfriendly.com,Non-binary,182.20.104.244
297,Forest,Lambol,flambol88@yellowbook.com,Female,68.153.88.248
298,Mattie,Wickins,mwickins89@google.com.au,Bigender,31.59.67.223
299,Jilly,Priden,jpriden8a@cargocollective.com,Genderqueer,31.1.69.32
300,Kiah,Mackrill,kmackrill8b@123-reg.co.uk,Genderfluid,120.252.188.153
301,Whitman,Jankin,wjankin8c@bbb.org,Agender,19.52.50.103
302,Beryl,Down,bdown8d@google.co.uk,Agender,235.146.30.200
303,Elset,Norwood,enorwood8e@topsy.com,Female,22.253.162.148
304,Bamby,Daintrey,bdaintrey8f@liveinternet.ru,Male,151.238.76.198
305,Ethelbert,Ramshay,eramshay8g@ft.com,Agender,140.228.181.57
306,Burl,Chrystal,bchrystal8h@examiner.com,Polygender,223.179.221.3
307,Lenard,Ashburne,lashburne8i@amazonaws.com,Genderfluid,200.114.177.121
308,Rubie,MacNockater,rmacnockater8j@symantec.com,Agender,198.12.187.121
309,Chick,Karpman,ckarpman8k@phoca.cz,Genderfluid,255.157.128.179
310,Debra,Porteous,dporteous8l@tmall.com,Female,25.155.230.170
311,Noam,Wenzel,nwenzel8m@issuu.com,Non-binary,167.206.40.140
312,Palmer,Edis,pedis8n@google.ca,Bigender,180.35.83.240
313,Jacynth,Pollitt,jpollitt8o@hugedomains.com,Genderqueer,45.39.170.24
314,Betta,Morse,bmorse8p@whitehouse.gov,Bigender,223.184.193.11
315,Brandea,Cooper,bcooper8q@youku.com,Genderqueer,240.205.191.109
316,Lia,Lamke,llamke8r@webeden.co.uk,Bigender,163.121.53.202
317,Perle,Barnbrook,pbarnbrook8s@plala.or.jp,Non-binary,25.29.147.46
318,Truda,Shurmore,tshurmore8t@psu.edu,Genderfluid,219.176.116.17
319,Brennen,Tysack,btysack8u@360.cn,Bigender,31.47.242.110
320,Tomasine,Blowing,tblowing8v@xing.com,Agender,177.189.199.138
321,Hanny,Fierman,hfierman8w@nature.com,Polygender,137.239.17.13
322,Donal,Treherne,dtreherne8x@seesaa.net,Bigender,220.231.255.174
323,Olwen,Bottoms,obottoms8y@quantcast.com,Bigender,234.151.211.236
324,Wilton,Filipic,wfilipic8z@ted.com,Male,22.173.14.37
325,Osmund,Patzelt,opatzelt90@telegraph.co.uk,Non-binary,133.137.191.215
326,Welbie,Wishkar,wwishkar91@webmd.com,Female,221.51.99.149
327,Artemus,Vern,avern92@icio.us,Bigender,112.212.68.171
328,Hodge,Girvan,hgirvan93@csmonitor.com,Polygender,37.13.67.65
329,Oswell,Hartshorn,ohartshorn94@sina.com.cn,Bigender,205.156.49.29
330,Cristine,MacMeanma,cmacmeanma95@prlog.org,Non-binary,174.88.183.4
331,Griffy,Titford,gtitford96@photobucket.com,Female,236.66.145.137
332,Zelma,Schukert,zschukert97@merriam-webster.com,Polygender,108.174.103.91
333,Kitti,Goymer,kgoymer98@cloudflare.com,Genderqueer,17.238.169.100
334,Yoko,Forde,yforde99@indiegogo.com,Polygender,144.136.121.137
335,Lawrence,Schofield,lschofield9a@nyu.edu,Genderqueer,184.88.76.12
336,Siobhan,McReath,smcreath9b@washingtonpost.com,Genderfluid,116.195.60.112
337,Toby,Blowes,tblowes9c@skype.com,Male,162.90.106.171
338,Sybila,Druitt,sdruitt9d@oaic.gov.au,Agender,100.134.86.224
339,Brittney,Cordet,bcordet9e@posterous.com,Non-binary,61.241.15.40
340,Ravid,Twiname,rtwiname9f@g.co,Non-binary,244.230.169.40
341,Sheffie,Fuggle,sfuggle9g@networksolutions.com,Genderqueer,153.57.188.40
342,Natty,Finch,nfinch9h@edublogs.org,Female,39.80.234.223
343,Ellwood,Tows,etows9i@gravatar.com,Non-binary,253.20.104.144
344,Elston,McNaught,emcnaught9j@elegantthemes.com,Genderfluid,192.135.44.117
345,Leonhard,Tourner,ltourner9k@japanpost.jp,Genderqueer,12.187.36.235
346,Mickie,Milam,mmilam9l@infoseek.co.jp,Female,80.228.2.242
347,Lucita,Grzelak,lgrzelak9m@cargocollective.com,Male,16.230.187.140
348,Lisha,Roffey,lroffey9n@jimdo.com,Non-binary,36.143.90.104
349,Cosmo,Masterman,cmasterman9o@technorati.com,Genderqueer,184.42.71.241
350,Marlon,Mandel,mmandel9p@nature.com,Bigender,23.187.155.126
351,Hanni,Chiddy,hchiddy9q@soup.io,Non-binary,49.222.133.154
352,Reinold,Pilsbury,rpilsbury9r@earthlink.net,Male,192.164.106.8
353,Teri,Clowley,tclowley9s@zimbio.com,Genderqueer,133.249.165.37
354,Ware,Brewerton,wbrewerton9t@discovery.com,Genderfluid,131.94.82.233
355,Wittie,Balling,wballing9u@ted.com,Bigender,186.10.89.82
356,Hilton,Toffanelli,htoffanelli9v@hexun.com,Male,3.101.69.79
357,Orland,Connue,oconnue9w@oaic.gov.au,Genderqueer,62.67.237.40
358,Myrtice,Stretton,mstretton9x@taobao.com,Polygender,171.179.221.207
359,Brook,Stainfield,bstainfield9y@boston.com,Female,190.14.200.36
360,Happy,Furtado,hfurtado9z@archive.org,Female,50.249.10.221
361,Ema,Fortie,efortiea0@imdb.com,Female,112.211.248.109
362,Zenia,Entwhistle,zentwhistlea1@ucla.edu,Genderfluid,191.205.201.229
363,Nicolina,De la Yglesia,ndelayglesiaa2@ihg.com,Male,180.181.254.106
364,Tess,Wilkowski,twilkowskia3@prweb.com,Non-binary,30.66.156.46
365,Adelaide,Sarver,asarvera4@godaddy.com,Female,14.54.21.34
366,Hettie,Sakins,hsakinsa5@state.gov,Genderfluid,223.10.153.56
367,Adolf,Powland,apowlanda6@csmonitor.com,Agender,154.91.93.165
368,Josh,Langan,jlangana7@last.fm,Non-binary,168.31.213.86
369,Garey,MacTavish,gmactavisha8@phpbb.com,Male,125.155.162.230
370,Quint,McKeowon,qmckeowona9@biglobe.ne.jp,Genderfluid,172.141.34.131
371,Jean,Merrywether,jmerrywetheraa@ycombinator.com,Non-binary,132.224.243.94
372,Torre,Stollsteiner,tstollsteinerab@oakley.com,Genderfluid,171.235.238.52
373,Garrick,Evesque,gevesqueac@ebay.co.uk,Agender,80.193.110.82
374,Trude,Widdowson,twiddowsonad@oakley.com,Genderfluid,190.177.124.206
375,Gene,Mandrey,gmandreyae@techcrunch.com,Female,180.77.148.94
376,Worthy,De Angelis,wdeangelisaf@booking.com,Genderfluid,141.115.189.50
377,Cam,Anthona,canthonaag@vistaprint.com,Bigender,42.187.118.85
378,Laurens,Loren,llorenah@illinois.edu,Non-binary,93.15.226.93
379,Colby,McEwan,cmcewanai@wordpress.com,Genderfluid,27.67.237.8
380,Anders,Raper,araperaj@surveymonkey.com,Polygender,10.193.251.74
381,Emmalee,Busk,ebuskak@hatena.ne.jp,Polygender,174.33.179.88
382,Blondell,Kirley,bkirleyal@ovh.net,Male,81.250.121.13
383,Zebedee,Kausche,zkauscheam@miitbeian.gov.cn,Male,39.93.75.87
384,Ophelie,Amberson,oambersonan@reuters.com,Polygender,76.13.151.142
385,Gris,Caldwell,gcaldwellao@discuz.net,Polygender,11.112.42.194
386,Sayer,Klauer,sklauerap@un.org,Female,129.108.212.138
387,Borden,Lanfare,blanfareaq@msu.edu,Genderqueer,123.144.228.146
388,Rois,Facher,rfacherar@webnode.com,Genderfluid,18.186.32.22
389,Ulrike,Sone,usoneas@rambler.ru,Bigender,44.100.250.111
390,Fonzie,Doggerell,fdoggerellat@nhs.uk,Agender,240.146.141.50
391,Rock,Meekin,rmeekinau@purevolume.com,Male,40.58.68.108
392,Rhiamon,Goodbody,rgoodbodyav@economist.com,Female,88.77.54.64
393,Billy,Gidney,bgidneyaw@house.gov,Agender,119.108.98.81
394,Otto,Noden,onodenax@netvibes.com,Polygender,187.128.105.87
395,Savina,Vonasek,svonasekay@meetup.com,Bigender,94.192.15.204
396,Bernetta,Hellicar,bhellicaraz@digg.com,Agender,234.240.87.109
397,Wayland,Gettens,wgettensb0@e-recht24.de,Bigender,222.216.162.231
398,Muffin,Isakovic,misakovicb1@seattletimes.com,Genderqueer,66.216.254.198
399,Jacqui,Yitzhak,jyitzhakb2@sogou.com,Male,221.68.169.231
400,Giuditta,Keaveney,gkeaveneyb3@rakuten.co.jp,Genderfluid,44.171.239.41
401,Luther,Coysh,lcoyshb4@digg.com,Polygender,253.165.47.191
402,Fleurette,Stocks,fstocksb5@symantec.com,Genderqueer,222.104.219.11
403,Whit,Scotchmore,wscotchmoreb6@liveinternet.ru,Non-binary,77.192.71.190
404,Bernardina,Spinley,bspinleyb7@wordpress.org,Male,62.198.12.111
405,Berny,Memmory,bmemmoryb8@ask.com,Female,149.10.187.73
406,Catriona,Stannard,cstannardb9@mediafire.com,Male,228.252.0.132
407,Luciana,Mathe,lmatheba@yahoo.com,Polygender,132.34.202.217
408,Floyd,Fleet,ffleetbb@yandex.ru,Polygender,70.155.170.33
409,Skell,Widdicombe,swiddicombebc@fda.gov,Bigender,159.117.102.149
410,Randi,Randals,rrandalsbd@nytimes.com,Female,173.201.152.225
411,Vanni,Roxby,vroxbybe@ca.gov,Female,36.63.133.108
412,Lucian,Simonson,lsimonsonbf@cyberchimps.com,Agender,65.201.247.18
413,Merwyn,Smetoun,msmetounbg@printfriendly.com,Agender,48.48.97.167
414,Amelina,Glowacz,aglowaczbh@cbsnews.com,Agender,114.69.175.62
415,Cozmo,Haysham,chayshambi@dedecms.com,Agender,199.207.106.222
416,Ernestus,Dyball,edyballbj@wp.com,Agender,134.151.121.130
417,Clement,Bedborough,cbedboroughbk@hexun.com,Polygender,162.240.69.23
418,Rafaelia,Shelborne,rshelbornebl@icq.com,Bigender,31.111.60.61
419,Barnett,Ewence,bewencebm@ehow.com,Genderfluid,175.13.169.134
420,Simmonds,Hofton,shoftonbn@wikimedia.org,Non-binary,62.175.168.50
421,Stevena,Grocott,sgrocottbo@histats.com,Agender,81.241.51.30
422,Roderick,Cavie,rcaviebp@msu.edu,Agender,45.49.27.116
423,Lauri,Whipple,lwhipplebq@sohu.com,Polygender,72.44.8.188
424,Rafael,Wyld,rwyldbr@craigslist.org,Male,67.246.57.91
425,Rodrigo,Focke,rfockebs@redcross.org,Genderqueer,156.151.143.50
426,Blaine,Delos,bdelosbt@si.edu,Bigender,62.245.158.200
427,Cordy,Ullrich,cullrichbu@microsoft.com,Bigender,133.251.240.219
428,Lonnie,Tregea,ltregeabv@mediafire.com,Genderfluid,237.55.68.105
429,Dwain,Mangion,dmangionbw@digg.com,Male,197.241.106.98
430,Maren,Matteacci,mmatteaccibx@123-reg.co.uk,Bigender,158.129.84.101
431,Nettle,Cassell,ncassellby@posterous.com,Male,114.139.53.61
432,Field,Biner,fbinerbz@linkedin.com,Male,126.178.129.136
433,Drusilla,Rigney,drigneyc0@usgs.gov,Polygender,236.41.119.83
434,Welby,Ivanchin,wivanchinc1@discuz.net,Genderfluid,179.53.9.214
435,Kerianne,Ginman,kginmanc2@macromedia.com,Agender,45.52.206.43
436,Ashlie,Orr,aorrc3@ustream.tv,Female,109.206.105.209
437,Francene,Robbe,frobbec4@seattletimes.com,Bigender,237.132.4.149
438,Aloisia,Ainscough,aainscoughc5@shop-pro.jp,Agender,94.78.215.226
439,Christan,Rawlyns,crawlynsc6@mediafire.com,Genderqueer,142.67.10.79
440,Tine,De Bruin,tdebruinc7@google.pl,Bigender,105.182.99.43
441,Cindi,Haslegrave,chaslegravec8@reddit.com,Genderqueer,113.75.63.75
442,Fay,Tresler,ftreslerc9@weibo.com,Agender,2.180.160.224
443,Victoria,Croser,vcroserca@salon.com,Agender,195.156.80.134
444,Andras,Soldi,asoldicb@cmu.edu,Polygender,100.99.65.137
445,Renell,Di Dello,rdidellocc@smh.com.au,Female,15.31.130.125
446,Dillon,Henfre,dhenfrecd@naver.com,Bigender,119.177.141.177
447,Gery,Kinton,gkintonce@bing.com,Male,37.103.227.38
448,Moshe,Spittal,mspittalcf@un.org,Bigender,254.54.38.122
449,Corinna,Sycamore,csycamorecg@msu.edu,Bigender,58.77.86.86
450,Aubrey,Kroon,akroonch@businessweek.com,Female,129.6.2.207
451,Edgard,Fayter,efayterci@arstechnica.com,Male,247.40.79.249
452,Kalinda,Hamberston,khamberstoncj@tmall.com,Female,38.152.135.236
453,Elayne,Hoodspeth,ehoodspethck@samsung.com,Polygender,0.123.251.109
454,Becki,Redferne,bredfernecl@miitbeian.gov.cn,Bigender,169.32.89.223
455,Shelagh,Scheffel,sscheffelcm@g.co,Genderqueer,43.73.32.219
456,Flemming,Dominelli,fdominellicn@printfriendly.com,Bigender,139.58.160.165
457,Richmond,Taudevin,rtaudevinco@mashable.com,Genderqueer,71.164.206.17
458,Maximilian,Bee,mbeecp@intel.com,Genderfluid,37.184.95.5
459,Barrie,Prayer,bprayercq@unesco.org,Male,50.214.230.238
460,Giffie,Moreside,gmoresidecr@army.mil,Polygender,3.98.255.42
461,Rora,Schlagtmans,rschlagtmanscs@state.tx.us,Agender,168.203.157.214
462,Chrissie,Cavendish,ccavendishct@weibo.com,Polygender,60.41.203.69
463,Frederich,Lammie,flammiecu@admin.ch,Non-binary,20.95.126.9
464,Renee,Fidelus,rfideluscv@ow.ly,Bigender,192.50.137.254
465,Ozzie,Khrishtafovich,okhrishtafovichcw@issuu.com,Bigender,115.62.140.32
466,Asia,Darrigrand,adarrigrandcx@disqus.com,Genderqueer,146.240.208.107
467,Brigida,Cheales,bchealescy@twitter.com,Agender,104.26.229.150
468,Krystle,Trustram,ktrustramcz@yellowpages.com,Male,152.53.78.173
469,Eyde,Scowcroft,escowcroftd0@pbs.org,Agender,28.241.88.236
470,Kenneth,Ley,kleyd1@dailymail.co.uk,Male,214.71.206.53
471,Kaia,Tupling,ktuplingd2@1688.com,Genderqueer,212.215.54.59
472,Sharron,Gaddesby,sgaddesbyd3@cpanel.net,Genderfluid,99.54.58.191
473,Mirelle,Buller,mbullerd4@mapy.cz,Agender,189.94.132.239
474,Rowney,Quincey,rquinceyd5@cdc.gov,Genderfluid,41.57.155.149
475,Hasty,Nathan,hnathand6@yandex.ru,Agender,4.35.0.234
476,Abbe,Wordley,awordleyd7@freewebs.com,Polygender,114.133.251.254
477,Harlie,Tunney,htunneyd8@ihg.com,Agender,253.190.131.69
478,Mia,Byway,mbywayd9@cdc.gov,Bigender,110.212.88.237
479,Crin,Streatfield,cstreatfieldda@time.com,Male,36.40.225.182
480,Julianna,Bicker,jbickerdb@wisc.edu,Genderfluid,228.37.203.65
481,Coleen,Endecott,cendecottdc@cbsnews.com,Non-binary,180.248.109.53
482,Karyn,Milverton,kmilvertondd@slideshare.net,Polygender,238.114.138.119
483,Lucky,Llewellen,lllewellende@g.co,Genderqueer,72.118.14.114
484,Leora,Trigwell,ltrigwelldf@geocities.com,Non-binary,165.113.227.41
485,Lilith,O'Fergus,lofergusdg@studiopress.com,Female,102.120.165.238
486,Elwira,Ebertz,eebertzdh@hud.gov,Female,144.203.81.125
487,Gery,Matisse,gmatissedi@example.com,Non-binary,146.179.67.151
488,Lianne,Beckett,lbeckettdj@mayoclinic.com,Female,86.90.23.168
489,Ancell,Bernhardi,abernhardidk@bbb.org,Male,179.43.209.186
490,Liuka,Isson,lissondl@macromedia.com,Non-binary,203.163.169.126
491,Maureene,Sorbie,msorbiedm@desdev.cn,Genderqueer,154.35.65.61
492,Garrek,Stonebanks,gstonebanksdn@ftc.gov,Bigender,180.151.12.152
493,Fielding,Struan,fstruando@myspace.com,Polygender,141.66.179.52
494,Prinz,Hitzschke,phitzschkedp@newyorker.com,Male,43.145.151.216
495,Elihu,Reina,ereinadq@aol.com,Female,132.36.197.158
496,Catherina,Slyme,cslymedr@linkedin.com,Bigender,189.59.33.195
497,Bobine,Biswell,bbiswellds@prnewswire.com,Bigender,59.99.113.156
498,Teodora,Warbey,twarbeydt@cocolog-nifty.com,Polygender,128.196.126.251
499,Scarface,Fipp,sfippdu@msu.edu,Agender,217.198.142.11
500,Kristoforo,Lehemann,klehemanndv@skype.com,Male,180.244.255.179
501,Skipton,Flux,sfluxdw@devhub.com,Polygender,177.13.103.144
502,Inger,Skip,iskipdx@amazon.de,Female,186.134.72.54
503,Cecil,Bedingfield,cbedingfielddy@furl.net,Agender,231.251.95.12
504,Andie,Acory,aacorydz@so-net.ne.jp,Female,209.130.223.45
505,Granville,Hurl,ghurle0@jiathis.com,Male,30.119.220.147
506,Jacklyn,Duro,jduroe1@wikimedia.org,Female,166.144.153.152
507,Hilly,Cromie,hcromiee2@wunderground.com,Polygender,94.236.118.47
508,Bay,Ferebee,bferebeee3@toplist.cz,Female,147.111.156.143
509,Ed,Barendtsen,ebarendtsene4@twitter.com,Genderqueer,113.82.128.160
510,Aloysia,Bartolini,abartolinie5@edublogs.org,Genderfluid,13.154.139.157
511,Kimbell,Aikman,kaikmane6@mapquest.com,Bigender,24.47.190.74
512,Shelli,Tombleson,stomblesone7@wix.com,Female,252.249.212.94
513,Vina,Tunnadine,vtunnadinee8@yahoo.com,Genderfluid,147.29.110.3
514,Fairlie,Lambard,flambarde9@weather.com,Genderqueer,89.99.134.117
515,Huntlee,Harmson,hharmsonea@amazon.co.uk,Male,146.55.34.158
516,Vilhelmina,de Mendoza,vdemendozaeb@github.com,Male,190.142.244.206
517,Aldin,Wix,awixec@xinhuanet.com,Bigender,3.246.75.174
518,Elga,Calver,ecalvered@istockphoto.com,Male,174.172.239.142
519,Hayes,Izak,hizakee@yellowpages.com,Bigender,119.70.246.138
520,Shaylyn,Adshed,sadshedef@com.com,Bigender,127.94.163.98
521,Norri,Balmforth,nbalmfortheg@ucoz.com,Genderfluid,230.143.55.35
522,Amelie,Burg,aburgeh@wsj.com,Genderqueer,91.94.94.85
523,Helenka,Bever,hbeverei@toplist.cz,Male,237.61.69.156
524,Egbert,Troyes,etroyesej@nymag.com,Non-binary,237.114.122.4
525,Kahlil,Obern,kobernek@eepurl.com,Genderqueer,98.61.71.93
526,Hewie,Tadd,htaddel@fc2.com,Bigender,170.255.220.169
527,Nate,Clues,ncluesem@pinterest.com,Male,94.12.8.23
528,Patrizia,Lillee,plilleeen@elegantthemes.com,Agender,16.30.252.17
529,Roseanna,Spittall,rspittalleo@wufoo.com,Non-binary,174.220.160.191
530,Eadith,Lanon,elanonep@toplist.cz,Male,123.8.173.35
531,Rafaelita,Robyns,rrobynseq@printfriendly.com,Agender,54.62.48.204
532,Raimundo,Arnaldo,rarnaldoer@hugedomains.com,Non-binary,215.115.185.242
533,Foster,Skelhorn,fskelhornes@home.pl,Agender,75.254.80.191
534,Luisa,Ranken,lrankenet@flickr.com,Genderfluid,137.206.232.112
535,Walsh,Barnhart,wbarnharteu@foxnews.com,Agender,55.208.107.155
536,Armando,Allcott,aallcottev@admin.ch,Genderfluid,8.136.62.202
537,Benedick,Gaitone,bgaitoneew@is.gd,Polygender,69.188.233.248
538,Hallsy,Starsmeare,hstarsmeareex@google.es,Agender,122.85.233.22
539,Deirdre,Cossins,dcossinsey@google.ru,Male,170.47.138.149
540,Yoshiko,MacRanald,ymacranaldez@un.org,Non-binary,29.133.131.84
541,Maison,Lissimore,mlissimoref0@alexa.com,Agender,122.133.110.252
542,Hamlin,Woolen,hwoolenf1@chicagotribune.com,Genderfluid,83.54.27.3
543,Nestor,McIlvaney,nmcilvaneyf2@ezinearticles.com,Genderfluid,139.18.235.15
544,Jordanna,Carass,jcarassf3@geocities.com,Genderfluid,34.224.176.48
545,Niel,McGaugie,nmcgaugief4@gnu.org,Non-binary,46.171.201.198
546,Sheridan,Reeks,sreeksf5@independent.co.uk,Genderqueer,253.201.241.163
547,Carlita,Senogles,csenoglesf6@tinyurl.com,Genderfluid,161.209.182.35
548,Doria,Cankett,dcankettf7@wordpress.org,Non-binary,184.156.67.239
549,Val,Arntzen,varntzenf8@newsvine.com,Bigender,247.87.94.189
550,Ardra,Toor,atoorf9@example.com,Agender,236.199.78.119
551,Cammi,Ausello,causellofa@diigo.com,Non-binary,238.180.251.132
552,Clay,Ginnelly,cginnellyfb@i2i.jp,Polygender,129.71.33.214
553,Daisi,Bruckent,dbruckentfc@shutterfly.com,Female,57.16.243.204
554,Cory,Mordacai,cmordacaifd@tripadvisor.com,Male,168.163.49.184
555,Katharina,Joss,kjossfe@deviantart.com,Agender,164.213.130.100
556,Myrtie,Lowles,mlowlesff@cmu.edu,Genderqueer,131.147.112.220
557,Agnese,Vogelein,avogeleinfg@virginia.edu,Female,226.234.209.204
558,Cristobal,Chestle,cchestlefh@apple.com,Male,219.170.77.175
559,Jacquie,Lamboll,jlambollfi@constantcontact.com,Male,64.147.95.118
560,Krystle,Edgecumbe,kedgecumbefj@sciencedaily.com,Agender,87.138.78.156
561,Hercules,Bassam,hbassamfk@cafepress.com,Male,43.252.197.221
562,Mellie,Helin,mhelinfl@eventbrite.com,Female,130.244.55.80
563,Farica,Burbank,fburbankfm@mit.edu,Agender,119.29.249.186
564,Flossi,Bagniuk,fbagniukfn@list-manage.com,Polygender,41.1.154.175
565,Irvine,Domesday,idomesdayfo@admin.ch,Polygender,141.50.240.169
566,Anton,Danilyuk,adanilyukfp@taobao.com,Polygender,99.205.123.8
567,Jessee,Oxenham,joxenhamfq@ted.com,Female,190.111.186.2
568,Arlan,McDoual,amcdoualfr@icio.us,Polygender,13.165.136.183
569,Leila,De La Haye,ldelahayefs@biblegateway.com,Genderfluid,252.199.185.1
570,Brittani,Rotchell,brotchellft@theatlantic.com,Male,210.185.152.144
571,Morlee,McGreay,mmcgreayfu@mayoclinic.com,Genderfluid,79.187.22.96
572,Concordia,Duding,cdudingfv@wikimedia.org,Genderfluid,141.5.67.106
573,Jacenta,Matejovsky,jmatejovskyfw@eepurl.com,Non-binary,158.115.2.89
574,Brear,Mowatt,bmowattfx@exblog.jp,Male,117.230.133.81
575,Eben,Lared,elaredfy@wikispaces.com,Genderfluid,12.174.62.164
576,Lanae,Grimditch,lgrimditchfz@taobao.com,Genderqueer,67.121.121.136
577,Effie,Birtwistle,ebirtwistleg0@auda.org.au,Genderfluid,117.194.242.213
578,Rani,Eilles,reillesg1@4shared.com,Male,150.190.62.178
579,Clarinda,Sellack,csellackg2@alexa.com,Genderfluid,236.75.17.35
580,Inge,Cochet,icochetg3@nyu.edu,Genderfluid,161.249.45.233
581,Lorenzo,Human,lhumang4@nba.com,Female,72.192.59.19
582,Bradan,deKnevet,bdeknevetg5@wordpress.com,Genderfluid,204.175.215.241
583,Jakob,Klas,jklasg6@oaic.gov.au,Male,201.31.49.103
584,Adelind,Seggie,aseggieg7@mtv.com,Genderqueer,233.51.253.86
585,Maryann,Garrould,mgarrouldg8@bandcamp.com,Genderqueer,20.43.70.242
586,Ximenes,Stenyng,xstenyngg9@unesco.org,Agender,149.77.4.3
587,Meggie,Eidler,meidlerga@networksolutions.com,Non-binary,5.107.191.123
588,Marilyn,Keller,mkellergb@google.ru,Genderqueer,84.110.192.192
589,Lucie,Boulton,lboultongc@nbcnews.com,Female,22.15.78.0
590,Conway,Minget,cmingetgd@skype.com,Agender,85.163.164.59
591,Stephannie,Frame,sframege@acquirethisname.com,Genderqueer,250.165.17.65
592,Joey,Whitechurch,jwhitechurchgf@newyorker.com,Agender,213.100.249.166
593,Cassie,Dimeloe,cdimeloegg@ibm.com,Non-binary,220.250.154.166
594,Morley,Caller,mcallergh@imageshack.us,Genderfluid,115.142.134.157
595,Raffaello,Lafont,rlafontgi@instagram.com,Genderfluid,60.130.210.148
596,Rosie,Szach,rszachgj@rediff.com,Female,15.109.155.248
597,Ashia,Merigot,amerigotgk@techcrunch.com,Bigender,110.101.84.144
598,Vanya,De Bernardis,vdebernardisgl@redcross.org,Agender,27.146.185.89
599,Nerte,Overstall,noverstallgm@techcrunch.com,Polygender,13.43.218.54
600,Sibeal,Gloves,sglovesgn@networksolutions.com,Agender,210.12.228.209
601,Orelle,Brayshaw,obrayshawgo@home.pl,Male,69.9.138.96
602,Karl,Edgett,kedgettgp@infoseek.co.jp,Genderqueer,129.244.203.180
603,Melissa,Pacht,mpachtgq@tripadvisor.com,Female,222.164.182.223
604,Breanne,Gye,bgyegr@uiuc.edu,Genderfluid,184.180.136.87
605,Morten,Hendriks,mhendriksgs@zdnet.com,Agender,165.134.101.230
606,Emmett,Meeking,emeekinggt@cmu.edu,Female,201.47.151.213
607,Amberly,Lesslie,alessliegu@ameblo.jp,Male,110.77.227.13
608,Alfy,Paler,apalergv@dyndns.org,Genderfluid,50.213.126.169
609,Filberte,Norker,fnorkergw@uiuc.edu,Agender,164.201.32.84
610,Rosie,Mettricke,rmettrickegx@army.mil,Female,26.142.193.111
611,Krystalle,Macci,kmaccigy@ocn.ne.jp,Male,190.188.45.54
612,Joni,Swadlen,jswadlengz@purevolume.com,Male,127.217.139.103
613,Iona,Stephens,istephensh0@github.io,Non-binary,222.99.143.188
614,Kalli,Wingrove,kwingroveh1@psu.edu,Polygender,135.41.145.202
615,Charline,Hounsom,chounsomh2@noaa.gov,Agender,213.241.186.61
616,Arly,Borris,aborrish3@addtoany.com,Female,110.34.39.2
617,Yoko,Goncaves,ygoncavesh4@scribd.com,Agender,172.139.161.198
618,Lionel,Furbank,lfurbankh5@aboutads.info,Agender,133.193.174.112
619,Harmonia,Ollie,hollieh6@studiopress.com,Genderqueer,90.161.218.59
620,Waite,Neilan,wneilanh7@imageshack.us,Genderqueer,150.40.35.142
621,Verile,Pearn,vpearnh8@1688.com,Polygender,31.125.97.44
622,Glyn,Wanell,gwanellh9@washingtonpost.com,Agender,191.56.134.233
623,Daren,Sprowell,dsprowellha@deliciousdays.com,Female,93.117.56.197
624,Cos,Frantz,cfrantzhb@mapy.cz,Polygender,85.159.69.183
625,Alon,Jaszczak,ajaszczakhc@usatoday.com,Bigender,2.16.221.19
626,Chicky,Stopher,cstopherhd@myspace.com,Bigender,65.199.3.101
627,Tyler,Mulcahy,tmulcahyhe@aboutads.info,Female,176.97.169.102
628,Erma,Bottrill,ebottrillhf@elpais.com,Female,144.90.161.220
629,Miran,Robins,mrobinshg@wired.com,Agender,57.246.106.193
630,Paulo,Ebenezer,pebenezerhh@photobucket.com,Genderqueer,124.188.11.78
631,Derrek,Broggini,dbrogginihi@abc.net.au,Genderfluid,173.211.112.10
632,Donnell,Vale,dvalehj@fc2.com,Non-binary,122.1.168.161
633,Trever,Foort,tfoorthk@ow.ly,Female,141.225.25.131
634,Tomas,Zelake,tzelakehl@squarespace.com,Male,218.145.240.30
635,Geoffrey,Connealy,gconnealyhm@google.cn,Agender,129.27.4.43
636,Marvin,Goodanew,mgoodanewhn@wordpress.org,Genderfluid,52.124.249.11
637,Cirillo,Vinck,cvinckho@livejournal.com,Genderfluid,208.132.222.70
638,Raye,Maystone,rmaystonehp@theatlantic.com,Genderfluid,180.146.54.110
639,Windham,Rigg,wrigghq@ed.gov,Genderqueer,16.125.67.244
640,Riki,Huett,rhuetthr@indiatimes.com,Male,146.155.61.217
641,Raynell,Thackeray,rthackerayhs@etsy.com,Bigender,172.43.201.83
642,Kiele,Stroband,kstrobandht@fema.gov,Male,178.122.94.86
643,Delia,McAw,dmcawhu@jimdo.com,Non-binary,244.247.251.54
644,Deny,Trent,dtrenthv@yolasite.com,Bigender,97.45.143.134
645,Clarie,Kaygill,ckaygillhw@globo.com,Agender,240.185.103.15
646,Kessia,Cornier,kcornierhx@example.com,Genderfluid,146.202.110.33
647,Helli,Pargent,hpargenthy@noaa.gov,Male,104.96.77.182
648,Veronique,Sweetman,vsweetmanhz@cloudflare.com,Polygender,112.216.43.201
649,Kayne,Mattke,kmattkei0@ft.com,Female,165.27.56.84
650,Marjory,Franschini,mfranschinii1@statcounter.com,Genderfluid,110.175.217.134
651,Dory,Matuschek,dmatuscheki2@japanpost.jp,Bigender,131.198.103.214
652,Lyell,Ferreira,lferreirai3@reuters.com,Agender,9.196.97.0
653,Andrej,Tuxsell,atuxselli4@netscape.com,Female,100.252.63.199
654,Keslie,Webster,kwebsteri5@flavors.me,Male,250.5.69.94
655,Currie,Fidian,cfidiani6@e-recht24.de,Male,74.211.152.131
656,Kingsley,Earle,kearlei7@timesonline.co.uk,Bigender,49.97.214.54
657,Clo,Drejer,cdrejeri8@mediafire.com,Genderqueer,181.96.32.147
658,Cary,Mechem,cmechemi9@vistaprint.com,Male,138.96.251.229
659,Merna,Aucott,maucottia@wordpress.org,Genderqueer,96.152.158.173
660,Libbey,Kildale,lkildaleib@zdnet.com,Male,237.35.176.106
661,Sophie,Duffill,sduffillic@github.io,Female,46.69.124.27
662,Cally,Rennolds,crennoldsid@google.co.jp,Genderqueer,202.228.140.224
663,Nona,Darque,ndarqueie@facebook.com,Polygender,101.166.139.59
664,Aristotle,Frigot,afrigotif@imdb.com,Polygender,9.209.113.109
665,Sallie,Oleszcuk,soleszcukig@dmoz.org,Polygender,190.90.154.238
666,Lucio,Pardue,lpardueih@icq.com,Polygender,139.20.107.198
667,Oberon,Jessett,ojessettii@soundcloud.com,Non-binary,27.20.124.84
668,Elyse,Briant,ebriantij@mit.edu,Polygender,13.134.125.220
669,Titus,Seifert,tseifertik@gov.uk,Bigender,176.132.40.63
670,Brien,Falconer,bfalconeril@wired.com,Male,125.13.172.188
671,Odelle,Dehmel,odehmelim@cornell.edu,Genderqueer,25.216.72.48
672,Eda,Hitzke,ehitzkein@meetup.com,Bigender,94.169.89.114
673,Rosalyn,Bande,rbandeio@webmd.com,Female,98.142.151.158
674,Taffy,Bembrick,tbembrickip@quantcast.com,Non-binary,112.211.22.46
675,Kathleen,Waycott,kwaycottiq@homestead.com,Bigender,240.33.78.4
676,Ronnica,Brane,rbraneir@purevolume.com,Bigender,54.196.45.216
677,Todd,Drage,tdrageis@newsvine.com,Non-binary,46.55.67.186
678,Minna,Woolger,mwoolgerit@ask.com,Female,119.124.205.198
679,Franklin,Labram,flabramiu@intel.com,Genderfluid,224.252.58.56
680,Freddy,Janota,fjanotaiv@tripadvisor.com,Non-binary,219.241.207.56
681,Adara,Van Geffen,avangeffeniw@fema.gov,Male,126.42.9.139
682,Bertie,McCartan,bmccartanix@howstuffworks.com,Agender,10.27.159.56
683,Steve,Seaward,sseawardiy@nature.com,Genderqueer,173.103.181.103
684,Darya,Krabbe,dkrabbeiz@tiny.cc,Genderfluid,51.189.156.29
685,Josi,Cheltnam,jcheltnamj0@eventbrite.com,Bigender,83.227.191.118
686,Almeria,Bakhrushin,abakhrushinj1@census.gov,Genderqueer,125.211.149.190
687,Flin,Joyson,fjoysonj2@a8.net,Male,110.247.39.123
688,Suzanne,Boote,sbootej3@multiply.com,Bigender,146.150.38.166
689,Cesaro,Haryngton,charyngtonj4@go.com,Non-binary,79.188.84.97
690,Derek,Forth,dforthj5@hexun.com,Genderfluid,18.193.6.207
691,Foss,Sines,fsinesj6@yellowpages.com,Male,232.22.30.18
692,Clair,Kaasman,ckaasmanj7@scientificamerican.com,Genderqueer,218.45.117.24
693,Field,Endacott,fendacottj8@wufoo.com,Agender,67.123.184.149
694,Hannie,Butler,hbutlerj9@godaddy.com,Agender,189.85.255.200
695,Cecil,Lanfranconi,clanfranconija@telegraph.co.uk,Non-binary,98.21.146.196
696,Sondra,Butland,sbutlandjb@amazon.co.jp,Male,213.245.94.48
697,Travus,McKune,tmckunejc@whitehouse.gov,Polygender,255.117.21.250
698,Yancy,McLenahan,ymclenahanjd@indiegogo.com,Male,94.56.168.78
699,Winfield,Hinksen,whinksenje@weibo.com,Non-binary,122.51.73.101
700,Judie,Ector,jectorjf@nasa.gov,Non-binary,95.152.221.89
701,Porty,Flecknoe,pflecknoejg@dot.gov,Genderqueer,249.21.43.225
702,Jozef,Paradin,jparadinjh@jigsy.com,Genderqueer,91.12.10.89
703,Atlanta,Lynds,alyndsji@techcrunch.com,Polygender,18.122.107.136
704,Muffin,Tremelling,mtremellingjj@hostgator.com,Male,226.104.225.35
705,Eydie,Fermor,efermorjk@fotki.com,Genderqueer,78.132.130.241
706,Stinky,Weeden,sweedenjl@msu.edu,Non-binary,245.65.26.207
707,Margit,Martill,mmartilljm@salon.com,Agender,175.215.108.183
708,Alaine,Donnett,adonnettjn@1und1.de,Female,48.94.111.164
709,Miguelita,Mompesson,mmompessonjo@mysql.com,Non-binary,77.133.66.6
710,Rhoda,Ellingford,rellingfordjp@nba.com,Agender,152.37.237.199
711,Harland,De'Ath,hdeathjq@ifeng.com,Bigender,11.142.214.75
712,Justus,Carrett,jcarrettjr@sourceforge.net,Female,88.122.71.33
713,Elli,Wing,ewingjs@4shared.com,Female,194.237.179.186
714,Chucho,Clilverd,cclilverdjt@fda.gov,Agender,242.110.171.126
715,Nobe,Clarabut,nclarabutju@alibaba.com,Polygender,42.206.237.72
716,Dosi,Fleckney,dfleckneyjv@opera.com,Bigender,232.66.239.99
717,Joby,McCrackem,jmccrackemjw@webmd.com,Male,240.19.32.26
718,Gabbi,Draijer,gdraijerjx@time.com,Female,138.151.23.171
719,Willow,Lorkin,wlorkinjy@shareasale.com,Bigender,179.40.9.148
720,Mela,Outerbridge,mouterbridgejz@bloglines.com,Genderfluid,36.163.105.210
721,Cary,Tumasian,ctumasiank0@blinklist.com,Genderfluid,103.239.242.84
722,Jenni,Ferrige,jferrigek1@people.com.cn,Bigender,255.159.92.158
723,Marjy,Drohun,mdrohunk2@narod.ru,Polygender,220.143.68.219
724,Gayleen,Bugs,gbugsk3@guardian.co.uk,Polygender,186.175.48.19
725,Reeta,Polotti,rpolottik4@uol.com.br,Polygender,216.232.228.134
726,Ted,Havesides,thavesidesk5@salon.com,Non-binary,175.187.243.232
727,Jordanna,Lambie,jlambiek6@abc.net.au,Bigender,253.116.120.215
728,Melva,Elderkin,melderkink7@bigcartel.com,Bigender,3.221.86.186
729,Howard,Gallandre,hgallandrek8@people.com.cn,Female,141.54.215.228
730,Noland,Hartin,nhartink9@samsung.com,Agender,164.209.109.112
731,Linn,Chesterman,lchestermanka@drupal.org,Genderqueer,55.180.243.79
732,Elsworth,Twizell,etwizellkb@thetimes.co.uk,Polygender,59.131.226.39
733,Michaelina,Geary,mgearykc@mapy.cz,Female,181.86.74.34
734,Teodora,Matton,tmattonkd@oaic.gov.au,Genderfluid,248.222.179.12
735,Vernice,Aitken,vaitkenke@usnews.com,Genderfluid,156.93.213.118
736,Hashim,Meeke,hmeekekf@dedecms.com,Agender,29.57.55.49
737,Clevie,Merrgen,cmerrgenkg@google.it,Bigender,54.123.195.157
738,Tillie,Wakeham,twakehamkh@loc.gov,Bigender,126.126.52.38
739,Werner,Grent,wgrentki@virginia.edu,Polygender,254.94.94.51
740,Read,Moryson,rmorysonkj@statcounter.com,Non-binary,209.57.143.27
741,Bary,Olive,bolivekk@tripod.com,Male,173.133.198.115
742,Claudie,Berzins,cberzinskl@time.com,Genderfluid,125.164.183.77
743,Kimmy,Skentelbery,kskentelberykm@miibeian.gov.cn,Bigender,101.98.223.73
744,Anetta,Pepperell,apepperellkn@hibu.com,Genderfluid,49.200.245.117
745,Oran,McTavy,omctavyko@rambler.ru,Agender,245.228.165.230
746,Malva,Delany,mdelanykp@berkeley.edu,Male,135.105.96.241
747,Timmi,Flescher,tflescherkq@java.com,Genderqueer,55.180.227.211
748,Josy,Hambatch,jhambatchkr@posterous.com,Genderqueer,133.129.21.30
749,Lamont,Rudram,lrudramks@pinterest.com,Polygender,96.19.223.102
750,Nata,Capewell,ncapewellkt@europa.eu,Female,168.173.60.144
751,Raina,Cohn,rcohnku@cbsnews.com,Male,144.161.147.230
752,Amandi,Allbrook,aallbrookkv@nydailynews.com,Agender,205.175.89.97
753,Leila,Bierton,lbiertonkw@wiley.com,Genderqueer,161.11.165.241
754,Steffi,Rockhall,srockhallkx@purevolume.com,Non-binary,91.6.33.187
755,Knox,Larraway,klarrawayky@telegraph.co.uk,Male,151.29.100.96
756,Gisele,Rapson,grapsonkz@globo.com,Bigender,218.234.140.5
757,Joell,Guard,jguardl0@illinois.edu,Polygender,46.99.240.246
758,Gussie,Gallon,ggallonl1@360.cn,Female,163.201.76.4
759,Roz,Jacobsz,rjacobszl2@godaddy.com,Genderfluid,32.129.139.36
760,Philis,Pratley,ppratleyl3@wufoo.com,Agender,184.194.0.197
761,Karrah,Bearman,kbearmanl4@baidu.com,Agender,10.176.106.218
762,Bernardina,Ixer,bixerl5@google.fr,Non-binary,153.85.168.2
763,Fallon,Mahon,fmahonl6@timesonline.co.uk,Non-binary,83.42.235.13
764,Brietta,Pascow,bpascowl7@answers.com,Bigender,157.102.216.56
765,Finley,McBeath,fmcbeathl8@vimeo.com,Genderqueer,226.16.158.100
766,Tabbie,Rough,troughl9@people.com.cn,Non-binary,5.9.124.141
767,Winona,Pidon,wpidonla@theatlantic.com,Non-binary,23.32.131.101
768,Janis,Bowle,jbowlelb@google.de,Agender,110.99.216.239
769,Colas,McNalley,cmcnalleylc@bing.com,Genderqueer,40.38.142.156
770,Spike,Gotthard,sgotthardld@liveinternet.ru,Genderfluid,11.16.193.19
771,Myrilla,Siegertsz,msiegertszle@china.com.cn,Genderfluid,96.5.99.57
772,Lindsay,Flecknell,lflecknelllf@hexun.com,Male,192.18.206.217
773,Moishe,Elesander,melesanderlg@google.it,Bigender,84.243.121.154
774,Godfree,Krug,gkruglh@simplemachines.org,Non-binary,202.124.42.76
775,Edy,Milazzo,emilazzoli@bbb.org,Male,250.143.138.98
776,Roselin,Wheatman,rwheatmanlj@rambler.ru,Genderfluid,71.225.25.177
777,Duky,Gornal,dgornallk@ustream.tv,Agender,12.168.58.73
778,Thorndike,Shrigley,tshrigleyll@cargocollective.com,Bigender,191.167.254.57
779,Angelita,Jandourek,ajandoureklm@state.gov,Bigender,139.231.45.167
780,Marlane,Westbrook,mwestbrookln@technorati.com,Genderfluid,84.38.119.83
781,Saunderson,Twell,stwelllo@geocities.jp,Bigender,150.175.0.144
782,Wally,Sothern,wsothernlp@uiuc.edu,Male,180.148.22.189
783,Raleigh,Edlin,redlinlq@vistaprint.com,Bigender,14.119.78.214
784,Garik,MacGaughie,gmacgaughielr@networkadvertising.org,Genderqueer,221.121.254.111
785,Raf,Dunkerley,rdunkerleyls@nyu.edu,Genderqueer,217.142.160.203
786,Felicle,Knowlys,fknowlyslt@flickr.com,Genderqueer,207.5.161.117
787,Catie,Delf,cdelflu@multiply.com,Agender,149.215.33.131
788,Elke,Coverdale,ecoverdalelv@usgs.gov,Bigender,131.232.223.151
789,Guthrey,Trudgion,gtrudgionlw@clickbank.net,Male,229.221.197.79
790,Bernette,Fosdike,bfosdikelx@bloglines.com,Bigender,92.129.91.180
791,Kelli,Tomik,ktomikly@i2i.jp,Genderfluid,43.22.230.169
792,Floria,Eckford,feckfordlz@etsy.com,Female,7.171.182.237
793,Anastasia,Mc Caughan,amccaughanm0@1und1.de,Female,96.235.17.108
794,Chan,Webley,cwebleym1@csmonitor.com,Agender,68.180.192.189
795,Garv,Maro,gmarom2@reference.com,Polygender,142.121.175.253
796,Etheline,Piatek,epiatekm3@weibo.com,Agender,252.164.111.233
797,Sutton,Copnall,scopnallm4@ucsd.edu,Polygender,154.185.250.226
798,Angela,Wiffill,awiffillm5@disqus.com,Bigender,133.134.208.139
799,Katusha,Smitton,ksmittonm6@lycos.com,Polygender,211.143.233.12
800,Peirce,Flaxon,pflaxonm7@cmu.edu,Genderfluid,174.208.163.154
801,Stavros,Kingcote,skingcotem8@issuu.com,Female,41.237.141.155
802,Arabela,Middle,amiddlem9@yolasite.com,Female,56.215.121.148
803,Brigham,Wankel,bwankelma@goo.gl,Polygender,41.135.251.121
804,Alisha,Dominichelli,adominichellimb@linkedin.com,Bigender,232.145.29.134
805,Terrell,Arsnell,tarsnellmc@cnet.com,Polygender,24.48.10.156
806,Joellyn,Burger,jburgermd@wired.com,Polygender,213.234.155.86
807,Ardelle,Eva,aevame@discuz.net,Male,243.168.101.230
808,Gregory,Pendle,gpendlemf@so-net.ne.jp,Non-binary,3.31.254.44
809,Maryjo,Barzen,mbarzenmg@columbia.edu,Bigender,175.94.69.165
810,Marilyn,Vinnick,mvinnickmh@opensource.org,Non-binary,235.96.38.49
811,Olag,Kamiyama,okamiyamami@amazon.co.uk,Bigender,73.158.30.70
812,Mikael,Ellum,mellummj@csmonitor.com,Agender,199.250.94.234
813,Arin,Penna,apennamk@instagram.com,Bigender,37.201.129.198
814,Noellyn,Millsap,nmillsapml@dion.ne.jp,Female,165.147.165.252
815,Idaline,Castiblanco,icastiblancomm@cdbaby.com,Genderfluid,77.29.28.161
816,Gearard,Prayer,gprayermn@unesco.org,Male,6.130.9.56
817,Hersh,Stollmeyer,hstollmeyermo@sohu.com,Genderfluid,23.168.41.241
818,Charo,Bengall,cbengallmp@bing.com,Female,69.152.71.203
819,Silva,Deboo,sdeboomq@arstechnica.com,Non-binary,238.78.181.124
820,Cloe,Flett,cflettmr@nhs.uk,Male,79.47.218.18
821,Larina,Sigfrid,lsigfridms@oakley.com,Genderqueer,213.137.172.56
822,Odilia,Simnett,osimnettmt@bbc.co.uk,Genderqueer,254.16.38.225
823,Myrtie,Blaby,mblabymu@geocities.jp,Polygender,133.38.103.204
824,Ernie,Ludgate,eludgatemv@wikia.com,Agender,242.67.193.42
825,Euell,Stockill,estockillmw@bbc.co.uk,Genderqueer,200.27.225.171
826,Gearalt,Trail,gtrailmx@phpbb.com,Genderfluid,247.124.192.47
827,Johnny,Gayle,jgaylemy@google.fr,Genderqueer,211.4.160.65
828,Marissa,Ambrosetti,mambrosettimz@google.es,Agender,101.32.47.120
829,Berget,Chattoe,bchattoen0@dailymail.co.uk,Polygender,13.112.194.109
830,Erastus,Tabour,etabourn1@slate.com,Agender,242.123.125.228
831,Graham,Pates,gpatesn2@loc.gov,Agender,208.159.244.169
832,Loni,Dunphie,ldunphien3@sogou.com,Male,139.44.36.70
833,Jae,Ferneyhough,jferneyhoughn4@dion.ne.jp,Male,36.157.129.252
834,Nedi,Croasdale,ncroasdalen5@ca.gov,Bigender,128.48.14.229
835,Leena,Humburton,lhumburtonn6@privacy.gov.au,Male,33.229.254.25
836,Cris,Blaydon,cblaydonn7@addthis.com,Female,158.129.59.63
837,Vinny,Kitcherside,vkitchersiden8@so-net.ne.jp,Genderfluid,219.134.206.121
838,Iris,Bottinelli,ibottinellin9@blog.com,Genderfluid,208.16.157.219
839,Taber,Stoltz,tstoltzna@psu.edu,Non-binary,152.47.205.37
840,Werner,Ballendine,wballendinenb@constantcontact.com,Female,85.186.155.27
841,Tann,Reiling,treilingnc@hao123.com,Genderfluid,226.64.91.48
842,Ian,Baffin,ibaffinnd@quantcast.com,Genderfluid,232.101.23.121
843,Ty,Germon,tgermonne@nhs.uk,Genderqueer,88.190.118.105
844,Norrie,Udall,nudallnf@e-recht24.de,Genderqueer,56.22.52.3
845,Bunny,Bulstrode,bbulstrodeng@oracle.com,Genderfluid,64.222.80.65
846,Marika,Turtle,mturtlenh@surveymonkey.com,Polygender,224.70.158.105
847,Gerda,Keedwell,gkeedwellni@home.pl,Genderqueer,205.145.49.177
848,Ann-marie,Lansdowne,alansdownenj@reverbnation.com,Female,185.161.213.250
849,Reinaldo,Jaquemar,rjaquemarnk@parallels.com,Female,84.29.105.95
850,Jule,Zorzoni,jzorzoninl@furl.net,Genderfluid,35.68.104.229
851,Irv,Jorge,ijorgenm@quantcast.com,Genderqueer,79.29.169.231
852,Delmor,Lippatt,dlippattnn@flickr.com,Genderfluid,132.191.169.241
853,Percival,Boam,pboamno@epa.gov,Male,190.119.14.171
854,Julie,McKimmie,jmckimmienp@nsw.gov.au,Male,189.125.155.143
855,Lianne,Rangeley,lrangeleynq@canalblog.com,Polygender,108.215.95.54
856,Wayland,Larchier,wlarchiernr@nba.com,Bigender,142.124.80.212
857,Di,Pipkin,dpipkinns@hhs.gov,Non-binary,111.71.181.166
858,Scarlet,Grouer,sgrouernt@marriott.com,Agender,200.138.165.145
859,Elysia,Allery,eallerynu@archive.org,Female,34.106.188.31
860,Arnoldo,Walter,awalternv@soup.io,Genderfluid,95.98.121.19
861,Othilie,Fabb,ofabbnw@booking.com,Female,242.77.223.221
862,Marshall,Bragginton,mbraggintonnx@sogou.com,Bigender,247.251.20.192
863,Fallon,Heisham,fheishamny@yellowpages.com,Polygender,53.71.203.86
864,Lyndsie,Damant,ldamantnz@google.com.br,Female,47.133.252.97
865,Madel,Very,mveryo0@about.com,Male,142.162.130.79
866,Kenneth,Mityashev,kmityashevo1@github.com,Polygender,211.174.215.116
867,Rick,Kieff,rkieffo2@va.gov,Genderfluid,203.26.172.99
868,Janina,Ivashkin,jivashkino3@behance.net,Female,96.134.87.76
869,Lolly,Alderwick,lalderwicko4@yahoo.com,Male,144.41.202.134
870,Malchy,Curtayne,mcurtayneo5@tiny.cc,Genderqueer,220.95.210.0
871,Joanie,Rosendall,jrosendallo6@blogspot.com,Agender,165.87.187.85
872,Galen,Sandlin,gsandlino7@i2i.jp,Genderqueer,178.215.225.175
873,Eirena,Tregiddo,etregiddoo8@usda.gov,Agender,185.193.217.71
874,Jan,Ketley,jketleyo9@imdb.com,Genderfluid,89.70.6.168
875,Adah,Pardie,apardieoa@unc.edu,Non-binary,151.69.102.41
876,Devland,Becke,dbeckeob@instagram.com,Agender,210.107.202.141
877,Huntlee,Duker,hdukeroc@fastcompany.com,Genderfluid,46.202.67.116
878,Klarika,Virgo,kvirgood@wunderground.com,Genderfluid,109.154.218.17
879,Wolfie,Spriddle,wspriddleoe@cafepress.com,Agender,39.19.85.30
880,Albina,Coffee,acoffeeof@hostgator.com,Genderfluid,135.70.38.0
881,Gardiner,Boys,gboysog@soundcloud.com,Female,25.12.106.228
882,Cati,Coveny,ccovenyoh@lycos.com,Non-binary,38.51.255.183
883,Halie,Shorland,hshorlandoi@uol.com.br,Agender,83.188.120.129
884,Angelia,Gorner,agorneroj@mapy.cz,Genderqueer,165.63.108.228
885,Dannie,Tousy,dtousyok@g.co,Agender,195.126.58.62
886,Anthia,Grinaway,agrinawayol@quantcast.com,Polygender,248.83.12.144
887,Sheryl,Edson,sedsonom@globo.com,Bigender,83.73.8.27
888,Rance,Whicher,rwhicheron@dailymail.co.uk,Polygender,86.28.225.7
889,Minni,Impy,mimpyoo@berkeley.edu,Genderfluid,86.116.48.155
890,Gian,Fahey,gfaheyop@barnesandnoble.com,Bigender,32.131.60.214
891,Wyatan,Burdoun,wburdounoq@purevolume.com,Bigender,11.115.149.96
892,Padriac,Buer,pbueror@acquirethisname.com,Genderfluid,145.50.130.74
893,Phillipe,Brundle,pbrundleos@yellowbook.com,Agender,58.146.151.148
894,Gwyneth,Roome,groomeot@disqus.com,Genderqueer,195.213.214.62
895,Marco,Roll,mrollou@skyrock.com,Genderfluid,170.147.29.168
896,Stefanie,Hablot,shablotov@examiner.com,Bigender,223.151.126.163
897,Lyndel,Skelton,lskeltonow@devhub.com,Male,152.98.75.161
898,Nappy,Sharply,nsharplyox@123-reg.co.uk,Genderfluid,55.1.174.204
899,Lyle,Hubback,lhubbackoy@wufoo.com,Agender,0.32.218.72
900,West,Castro,wcastrooz@typepad.com,Female,249.114.49.241
901,Hedy,Yves,hyvesp0@pbs.org,Polygender,36.174.5.132
902,Sharla,Flag,sflagp1@google.co.jp,Genderfluid,63.158.111.94
903,Ancell,Hillan,ahillanp2@addthis.com,Non-binary,50.41.207.19
904,Rosemarie,Casiero,rcasierop3@mediafire.com,Non-binary,71.216.198.184
905,David,Cathery,dcatheryp4@sourceforge.net,Agender,71.162.167.106
906,Bobbe,Preator,bpreatorp5@time.com,Male,206.118.132.213
907,Chickie,Deyes,cdeyesp6@privacy.gov.au,Bigender,14.99.66.225
908,Alica,Hirtzmann,ahirtzmannp7@ftc.gov,Genderqueer,161.234.112.103
909,Stillmann,Hevner,shevnerp8@cargocollective.com,Genderfluid,60.210.144.240
910,Goddart,Fever,gfeverp9@hugedomains.com,Female,124.213.232.194
911,Manya,Fernie,mferniepa@theglobeandmail.com,Bigender,236.80.72.13
912,Gustave,Lafrentz,glafrentzpb@chicagotribune.com,Female,51.202.98.130
913,Ebba,Parnham,eparnhampc@spotify.com,Bigender,129.151.41.39
914,Alessandro,Andreas,aandreaspd@flavors.me,Agender,153.124.30.232
915,Yuma,Pyrah,ypyrahpe@chicagotribune.com,Male,102.86.220.17
916,Ellissa,Bedborough,ebedboroughpf@ft.com,Polygender,9.183.17.84
917,Claudio,Vasilyev,cvasilyevpg@g.co,Bigender,242.180.2.237
918,Annetta,Dimblebee,adimblebeeph@hugedomains.com,Agender,224.218.53.182
919,Darcy,Allitt,dallittpi@mapquest.com,Non-binary,64.176.210.133
920,Lindy,Ivashov,livashovpj@dell.com,Genderfluid,211.131.219.158
921,Vanny,Phinn,vphinnpk@rakuten.co.jp,Female,130.158.60.103
922,Deirdre,Mapp,dmapppl@virginia.edu,Female,3.169.38.152
923,Wash,Aldiss,waldisspm@topsy.com,Female,157.141.208.149
924,Kimberley,Mogra,kmograpn@dedecms.com,Bigender,232.228.97.40
925,Brigid,Creeber,bcreeberpo@narod.ru,Genderqueer,52.121.202.246
926,Gleda,Heintzsch,gheintzschpp@geocities.com,Polygender,26.170.173.244
927,Mari,Thwaite,mthwaitepq@bing.com,Female,105.15.194.179
928,Normand,Leeds,nleedspr@tripadvisor.com,Male,177.58.196.107
929,Elaine,Kellett,ekellettps@marketwatch.com,Agender,141.199.114.121
930,Minni,Shalliker,mshallikerpt@cpanel.net,Male,175.197.249.16
931,Kahaleel,Blaszczyk,kblaszczykpu@time.com,Non-binary,246.185.80.100
932,Ricky,Plitz,rplitzpv@admin.ch,Genderqueer,53.196.162.63
933,Cathie,Mawman,cmawmanpw@ed.gov,Agender,255.242.55.115
934,Tann,McNiff,tmcniffpx@usnews.com,Agender,97.58.158.209
935,Audrey,Heephy,aheephypy@nydailynews.com,Bigender,213.217.104.83
936,Whitby,Stanlack,wstanlackpz@opensource.org,Female,57.22.147.47
937,Noemi,Witherup,nwitherupq0@utexas.edu,Female,253.167.178.247
938,Heidi,Miners,hminersq1@youtube.com,Non-binary,43.60.151.12
939,Lizabeth,Thoday,lthodayq2@arstechnica.com,Genderqueer,78.192.194.28
940,Jessica,Matteuzzi,jmatteuzziq3@newsvine.com,Agender,76.237.228.30
941,Aile,Domanski,adomanskiq4@symantec.com,Genderqueer,141.225.66.124
942,Rayner,Forward,rforwardq5@studiopress.com,Polygender,219.3.182.85
943,Clotilda,Senecaux,csenecauxq6@java.com,Polygender,170.87.194.44
944,Kellen,Cheale,kchealeq7@tuttocitta.it,Genderfluid,170.192.218.40
945,Vilma,Skahill,vskahillq8@ebay.co.uk,Agender,213.162.85.236
946,Lisabeth,Benda,lbendaq9@sun.com,Bigender,109.202.231.23
947,Flossie,Baughen,fbaughenqa@wiley.com,Female,230.181.219.18
948,Britney,Speddin,bspeddinqb@lycos.com,Polygender,108.185.22.107
949,Trudi,Bull,tbullqc@who.int,Non-binary,225.34.155.29
950,Alphonso,Kahan,akahanqd@bizjournals.com,Non-binary,235.230.79.222
951,Carolin,Beynke,cbeynkeqe@pen.io,Genderqueer,49.170.97.40
952,Dolores,Ancell,dancellqf@4shared.com,Genderfluid,110.143.109.149
953,Meade,Laffoley-Lane,mlaffoleylaneqg@tmall.com,Non-binary,68.100.93.185
954,Glori,Matussov,gmatussovqh@people.com.cn,Genderfluid,177.93.251.237
955,Rivkah,Barthel,rbarthelqi@bbb.org,Genderqueer,124.69.60.64
956,Niall,Garstan,ngarstanqj@utexas.edu,Non-binary,164.151.195.94
957,Fifi,Ibert,fibertqk@is.gd,Male,18.199.65.145
958,Abdel,Passfield,apassfieldql@youtube.com,Genderqueer,15.188.165.85
959,Jilleen,Briddock,jbriddockqm@nature.com,Genderfluid,69.120.216.28
960,Cecil,Gibbins,cgibbinsqn@ft.com,Female,208.79.83.193
961,Galina,Reucastle,greucastleqo@wiley.com,Female,154.107.70.175
962,Fran,Kohrding,fkohrdingqp@uiuc.edu,Genderqueer,127.39.217.242
963,Elene,Dickie,edickieqq@slate.com,Male,131.150.90.103
964,Brandy,Cheyne,bcheyneqr@blogs.com,Genderqueer,15.202.90.51
965,Silvester,Wanka,swankaqs@ft.com,Polygender,24.37.13.84
966,Ruperta,Stanes,rstanesqt@ed.gov,Non-binary,98.62.220.138
967,Marlow,McGawn,mmcgawnqu@elpais.com,Bigender,143.174.84.29
968,Lindon,Ambrogi,lambrogiqv@disqus.com,Non-binary,110.225.49.144
969,Jeanine,Axcel,jaxcelqw@europa.eu,Non-binary,236.128.20.205
970,Rahel,Mitton,rmittonqx@hatena.ne.jp,Bigender,157.192.141.148
971,Sara,Oldale,soldaleqy@newsvine.com,Genderfluid,148.78.104.136
972,Gabriello,Klimashevich,gklimashevichqz@umich.edu,Genderfluid,84.90.98.70
973,Ramon,Waumsley,rwaumsleyr0@microsoft.com,Male,57.13.246.239
974,Marsha,Yurenin,myureninr1@mit.edu,Polygender,228.254.174.106
975,Kerri,Clausen-Thue,kclausenthuer2@de.vu,Genderfluid,242.126.194.122
976,Gar,Laughnan,glaughnanr3@skyrock.com,Male,166.27.69.181
977,Waylon,McMenamie,wmcmenamier4@dion.ne.jp,Female,242.70.86.114
978,Gilli,Ricks,gricksr5@hud.gov,Female,56.196.153.60
979,Ruy,Coolson,rcoolsonr6@ezinearticles.com,Agender,135.129.190.148
980,Darya,Baleine,dbaleiner7@deviantart.com,Genderqueer,234.180.156.120
981,Frans,Scruby,fscrubyr8@friendfeed.com,Agender,208.248.101.18
982,Joane,Gatley,jgatleyr9@nyu.edu,Male,3.39.199.214
983,Marylin,Ashpital,mashpitalra@cargocollective.com,Genderfluid,99.84.239.90
984,Chrotoem,Jessopp,cjessopprb@msu.edu,Genderfluid,87.187.37.8
985,Anthiathia,Smardon,asmardonrc@uiuc.edu,Male,207.88.221.152
986,Jone,Highway,jhighwayrd@va.gov,Genderqueer,146.233.255.230
987,Orlando,Senior,oseniorre@biblegateway.com,Bigender,16.142.31.136
988,Clyde,Dendon,cdendonrf@networkadvertising.org,Bigender,227.216.242.71
989,Gabbie,Speeks,gspeeksrg@cmu.edu,Genderqueer,38.106.213.244
990,Deane,Phin,dphinrh@parallels.com,Bigender,214.31.168.181
991,Brnaby,Renney,brenneyri@phoca.cz,Genderqueer,68.114.76.174
992,Hank,Kenworthey,hkenwortheyrj@behance.net,Male,50.72.56.92
993,Currie,Hands,chandsrk@unblog.fr,Genderqueer,147.128.206.206
994,Hoebart,Meins,hmeinsrl@amazon.co.uk,Non-binary,171.168.167.121
995,Stacy,Denington,sdeningtonrm@photobucket.com,Non-binary,102.133.188.76
996,Earle,Curedale,ecuredalern@youtube.com,Polygender,127.226.215.204
997,Ajay,Morsey,amorseyro@yelp.com,Agender,239.200.216.178
998,Dougie,Brobeck,dbrobeckrp@wufoo.com,Male,230.238.206.239
999,Henri,Deyenhardt,hdeyenhardtrq@dropbox.com,Polygender,140.233.35.238
1000,Davy,Hollebon,dhollebonrr@surveymonkey.com,Non-binary,143.49.82.89
